id,_point,_time,_value,outlier,outlier_point
1,Point 1,2023-09-26 09:09:00+00:00,11.862500000000002,0.0,0
2,Point 2,2023-09-26 09:10:00+00:00,20.708333333333332,0.0,0
3,Point 3,2023-09-26 09:11:00+00:00,17.108333333333334,0.0,0
4,Point 4,2023-09-26 09:12:00+00:00,22.849999999999998,0.0,0
5,Point 5,2023-09-26 09:13:00+00:00,12.40625,0.0,0
6,Point 6,2023-09-26 09:14:00+00:00,23.12291666666667,0.0,0
7,Point 7,2023-09-26 09:15:00+00:00,18.691666666666666,0.0,0
8,Point 8,2023-09-26 09:16:00+00:00,10.20625,0.0,0
9,Point 9,2023-09-26 09:17:00+00:00,20.014583333333334,0.0,0
10,Point 10,2023-09-26 09:18:00+00:00,16.891666666666666,0.0,0
11,Point 11,2023-09-26 09:19:00+00:00,22.70208333333333,0.0,0
12,Point 12,2023-09-26 09:20:00+00:00,8.533333333333333,0.0,0
13,Point 13,2023-09-26 09:21:00+00:00,20.64375,0.0,0
14,Point 14,2023-09-26 09:22:00+00:00,19.8625,0.0,0
15,Point 15,2023-09-26 09:23:00+00:00,19.18541666666667,0.0,0
16,Point 16,2023-09-26 09:24:00+00:00,22.59166666666667,0.0,0
17,Point 17,2023-09-26 09:25:00+00:00,17.3375,0.0,0
18,Point 18,2023-09-26 09:26:00+00:00,25.15416666666667,0.0,0
19,Point 19,2023-09-26 09:27:00+00:00,4.4624999999999995,0.0,0
20,Point 20,2023-09-26 09:28:00+00:00,21.900000000000002,1.0,21.900000000000002
21,Point 21,2023-09-26 09:29:00+00:00,19.529166666666665,0.0,0
22,Point 22,2023-09-26 09:30:00+00:00,13.229166666666666,0.0,0
23,Point 23,2023-09-26 09:31:00+00:00,24.25208333333333,0.0,0
24,Point 24,2023-09-26 09:32:00+00:00,17.060416666666665,0.0,0
25,Point 25,2023-09-26 09:33:00+00:00,16.724999999999998,0.0,0
26,Point 26,2023-09-26 09:34:00+00:00,15.339583333333332,0.0,0
27,Point 27,2023-09-26 09:35:00+00:00,21.322916666666668,0.0,0
28,Point 28,2023-09-26 09:36:00+00:00,16.670833333333334,0.0,0
29,Point 29,2023-09-26 09:37:00+00:00,20.312500000000004,0.0,0
30,Point 30,2023-09-26 09:38:00+00:00,15.581249999999999,0.0,0
31,Point 31,2023-09-26 09:39:00+00:00,11.491666666666667,0.0,0
32,Point 32,2023-09-26 09:40:00+00:00,19.527083333333334,0.0,0
33,Point 33,2023-09-26 09:41:00+00:00,11.085416666666667,0.0,0
34,Point 34,2023-09-26 09:42:00+00:00,24.900000000000002,0.0,0
35,Point 35,2023-09-26 09:43:00+00:00,16.325,0.0,0
36,Point 36,2023-09-26 09:44:00+00:00,21.577083333333334,0.0,0
37,Point 37,2023-09-26 09:45:00+00:00,16.083333333333332,0.0,0
38,Point 38,2023-09-26 09:46:00+00:00,20.7,0.0,0
39,Point 39,2023-09-26 09:47:00+00:00,13.077083333333334,0.0,0
40,Point 40,2023-09-26 09:48:00+00:00,19.889583333333334,0.0,0
41,Point 41,2023-09-26 09:49:00+00:00,21.064583333333335,0.0,0
42,Point 42,2023-09-26 09:50:00+00:00,18.295833333333334,0.0,0
43,Point 43,2023-09-26 09:51:00+00:00,15.754166666666665,0.0,0
44,Point 44,2023-09-26 09:52:00+00:00,24.4375,0.0,0
45,Point 45,2023-09-26 09:53:00+00:00,14.147916666666667,0.0,0
46,Point 46,2023-09-26 09:54:00+00:00,23.764583333333334,0.0,0
47,Point 47,2023-09-26 09:55:00+00:00,16.672916666666666,0.0,0
48,Point 48,2023-09-26 09:56:00+00:00,18.45625,0.0,0
49,Point 49,2023-09-26 09:57:00+00:00,19.558333333333334,0.0,0
50,Point 50,2023-09-26 09:58:00+00:00,9.947916666666666,0.0,0
51,Point 51,2023-09-26 09:59:00+00:00,18.5375,0.0,0
52,Point 52,2023-09-26 10:00:00+00:00,18.258333333333333,0.0,0
53,Point 53,2023-09-26 10:01:00+00:00,20.806250000000002,0.0,0
54,Point 54,2023-09-26 10:02:00+00:00,9.010416666666666,0.0,0
55,Point 55,2023-09-26 10:03:00+00:00,22.402083333333334,0.0,0
56,Point 56,2023-09-26 10:04:00+00:00,21.670833333333334,0.0,0
57,Point 57,2023-09-26 10:05:00+00:00,19.745833333333334,0.0,0
58,Point 58,2023-09-26 10:06:00+00:00,17.308333333333334,0.0,0
59,Point 59,2023-09-26 10:07:00+00:00,25.25,0.0,0
60,Point 60,2023-09-26 10:08:00+00:00,20.739583333333332,0.0,0
61,Point 61,2023-09-26 10:09:00+00:00,20.337500000000002,0.0,0
62,Point 62,2023-09-26 10:10:00+00:00,23.349999999999998,0.0,0
63,Point 63,2023-09-26 10:11:00+00:00,12.00625,0.0,0
64,Point 64,2023-09-26 10:12:00+00:00,18.997916666666665,0.0,0
65,Point 65,2023-09-26 10:13:00+00:00,27.174999999999997,0.0,0
66,Point 66,2023-09-26 10:14:00+00:00,20.681250000000002,0.0,0
67,Point 67,2023-09-26 10:15:00+00:00,15.043750000000001,0.0,0
68,Point 68,2023-09-26 10:16:00+00:00,19.466666666666665,0.0,0
69,Point 69,2023-09-26 10:17:00+00:00,24.710416666666664,0.0,0
70,Point 70,2023-09-26 10:18:00+00:00,14.275,0.0,0
71,Point 71,2023-09-26 10:19:00+00:00,21.445833333333336,0.0,0
72,Point 72,2023-09-26 10:20:00+00:00,17.079166666666666,0.0,0
73,Point 73,2023-09-26 10:21:00+00:00,15.983333333333334,0.0,0
74,Point 74,2023-09-26 10:22:00+00:00,19.085416666666667,0.0,0
75,Point 75,2023-09-26 10:23:00+00:00,14.07291666666667,0.0,0
76,Point 76,2023-09-26 10:24:00+00:00,15.475,0.0,0
77,Point 77,2023-09-26 10:25:00+00:00,17.145833333333336,0.0,0
78,Point 78,2023-09-26 10:26:00+00:00,22.758333333333336,0.0,0
79,Point 79,2023-09-26 10:27:00+00:00,17.241666666666667,0.0,0
80,Point 80,2023-09-26 10:28:00+00:00,21.98541666666667,0.0,0
81,Point 81,2023-09-26 10:29:00+00:00,17.95,0.0,0
82,Point 82,2023-09-26 10:30:00+00:00,22.299999999999997,0.0,0
83,Point 83,2023-09-26 10:31:00+00:00,23.59375,0.0,0
84,Point 84,2023-09-26 10:32:00+00:00,10.322916666666666,0.0,0
85,Point 85,2023-09-26 10:33:00+00:00,19.402083333333334,0.0,0
86,Point 86,2023-09-26 10:34:00+00:00,21.133333333333336,0.0,0
87,Point 87,2023-09-26 10:35:00+00:00,11.306249999999999,0.0,0
88,Point 88,2023-09-26 10:36:00+00:00,20.972916666666666,0.0,0
89,Point 89,2023-09-26 10:37:00+00:00,15.470833333333333,0.0,0
90,Point 90,2023-09-26 10:38:00+00:00,13.127083333333333,0.0,0
91,Point 91,2023-09-26 10:39:00+00:00,19.318749999999998,0.0,0
92,Point 92,2023-09-26 10:40:00+00:00,18.554166666666667,0.0,0
93,Point 93,2023-09-26 10:41:00+00:00,22.537499999999998,0.0,0
94,Point 94,2023-09-26 10:42:00+00:00,16.420833333333334,0.0,0
95,Point 95,2023-09-26 10:43:00+00:00,21.727083333333336,0.0,0
96,Point 96,2023-09-26 10:44:00+00:00,15.5375,0.0,0
97,Point 97,2023-09-26 10:45:00+00:00,20.516666666666666,0.0,0
98,Point 98,2023-09-26 10:46:00+00:00,15.758333333333333,0.0,0
99,Point 99,2023-09-26 10:47:00+00:00,21.39166666666667,0.0,0
100,Point 100,2023-09-26 10:48:00+00:00,24.910416666666666,0.0,0
101,Point 101,2023-09-26 10:49:00+00:00,6.027083333333334,0.0,0
102,Point 102,2023-09-26 10:50:00+00:00,23.383333333333336,0.0,0
103,Point 103,2023-09-26 10:51:00+00:00,21.485416666666666,0.0,0
104,Point 104,2023-09-26 10:52:00+00:00,19.45625,0.0,0
105,Point 105,2023-09-26 10:53:00+00:00,20.320833333333333,0.0,0
106,Point 106,2023-09-26 10:54:00+00:00,33.170833333333334,0.0,0
107,Point 107,2023-09-26 10:55:00+00:00,82.10416666666667,1.0,82.10416666666667
108,Point 108,2023-09-26 10:56:00+00:00,19.075,0.0,0
109,Point 109,2023-09-26 10:57:00+00:00,19.61041666666667,0.0,0
110,Point 110,2023-09-26 10:58:00+00:00,21.364583333333332,0.0,0
111,Point 111,2023-09-26 10:59:00+00:00,18.5,0.0,0
112,Point 112,2023-09-26 11:00:00+00:00,18.931250000000002,0.0,0
113,Point 113,2023-09-26 11:01:00+00:00,17.972916666666666,0.0,0
114,Point 114,2023-09-26 11:02:00+00:00,79.12708333333333,1.0,79.12708333333333
115,Point 115,2023-09-26 11:03:00+00:00,41.081250000000004,1.0,41.081250000000004
116,Point 116,2023-09-26 11:04:00+00:00,20.631249999999998,0.0,0
117,Point 117,2023-09-26 11:05:00+00:00,16.78333333333333,0.0,0
118,Point 118,2023-09-26 11:06:00+00:00,17.060416666666665,0.0,0
119,Point 119,2023-09-26 11:07:00+00:00,25.789583333333336,0.0,0
120,Point 120,2023-09-26 11:08:00+00:00,19.202083333333334,0.0,0
121,Point 121,2023-09-26 11:09:00+00:00,8.845833333333333,0.0,0
122,Point 122,2023-09-26 11:10:00+00:00,24.958333333333332,0.0,0
123,Point 123,2023-09-26 11:11:00+00:00,23.78125,0.0,0
124,Point 124,2023-09-26 11:12:00+00:00,17.933333333333334,0.0,0
125,Point 125,2023-09-26 11:13:00+00:00,18.220833333333335,0.0,0
126,Point 126,2023-09-26 11:14:00+00:00,23.3875,0.0,0
127,Point 127,2023-09-26 11:15:00+00:00,19.604166666666668,0.0,0
128,Point 128,2023-09-26 11:16:00+00:00,18.395833333333332,0.0,0
129,Point 129,2023-09-26 11:17:00+00:00,21.816666666666666,0.0,0
130,Point 130,2023-09-26 11:18:00+00:00,20.629166666666666,0.0,0
131,Point 131,2023-09-26 11:19:00+00:00,10.075000000000001,0.0,0
132,Point 132,2023-09-26 11:20:00+00:00,19.795833333333334,0.0,0
133,Point 133,2023-09-26 11:21:00+00:00,21.135416666666668,0.0,0
134,Point 134,2023-09-26 11:22:00+00:00,14.045833333333334,0.0,0
135,Point 135,2023-09-26 11:23:00+00:00,14.635416666666666,0.0,0
136,Point 136,2023-09-26 11:24:00+00:00,24.79375,0.0,0
137,Point 137,2023-09-26 11:25:00+00:00,10.104166666666666,0.0,0
138,Point 138,2023-09-26 11:26:00+00:00,22.46875,0.0,0
139,Point 139,2023-09-26 11:27:00+00:00,21.435416666666665,0.0,0
140,Point 140,2023-09-26 11:28:00+00:00,17.010416666666668,0.0,0
141,Point 141,2023-09-26 11:29:00+00:00,23.77291666666667,0.0,0
142,Point 142,2023-09-26 11:30:00+00:00,17.45,0.0,0
143,Point 143,2023-09-26 11:31:00+00:00,9.397916666666667,0.0,0
144,Point 144,2023-09-26 11:32:00+00:00,22.383333333333336,0.0,0
145,Point 145,2023-09-26 11:33:00+00:00,21.862499999999997,0.0,0
146,Point 146,2023-09-26 11:34:00+00:00,25.979166666666668,0.0,0
147,Point 147,2023-09-26 11:35:00+00:00,8.779166666666667,0.0,0
148,Point 148,2023-09-26 11:36:00+00:00,27.935416666666665,0.0,0
149,Point 149,2023-09-26 11:37:00+00:00,28.447916666666668,0.0,0
150,Point 150,2023-09-26 11:38:00+00:00,19.95625,0.0,0
151,Point 151,2023-09-26 11:39:00+00:00,16.691666666666666,0.0,0
152,Point 152,2023-09-26 11:40:00+00:00,24.445833333333336,0.0,0
153,Point 153,2023-09-26 11:41:00+00:00,26.154166666666665,0.0,0
154,Point 154,2023-09-26 11:42:00+00:00,11.049999999999999,0.0,0
155,Point 155,2023-09-26 11:43:00+00:00,25.929166666666664,0.0,0
156,Point 156,2023-09-26 11:44:00+00:00,25.927083333333332,0.0,0
157,Point 157,2023-09-26 11:45:00+00:00,17.554166666666667,0.0,0
158,Point 158,2023-09-26 11:46:00+00:00,26.3,0.0,0
159,Point 159,2023-09-26 11:47:00+00:00,19.847916666666666,0.0,0
160,Point 160,2023-09-26 11:48:00+00:00,14.108333333333333,0.0,0
161,Point 161,2023-09-26 11:49:00+00:00,25.920833333333334,0.0,0
162,Point 162,2023-09-26 11:50:00+00:00,28.56041666666667,0.0,0
163,Point 163,2023-09-26 11:51:00+00:00,24.829166666666666,0.0,0
164,Point 164,2023-09-26 11:52:00+00:00,13.9375,0.0,0
165,Point 165,2023-09-26 11:53:00+00:00,28.247916666666665,0.0,0
166,Point 166,2023-09-26 11:54:00+00:00,25.347916666666663,0.0,0
167,Point 167,2023-09-26 11:55:00+00:00,20.59375,0.0,0
168,Point 168,2023-09-26 11:56:00+00:00,21.32083333333333,0.0,0
169,Point 169,2023-09-26 11:57:00+00:00,18.3,0.0,0
170,Point 170,2023-09-26 11:58:00+00:00,22.925,0.0,0
171,Point 171,2023-09-26 11:59:00+00:00,23.816666666666666,0.0,0
172,Point 172,2023-09-26 12:00:00+00:00,21.33541666666667,0.0,0
173,Point 173,2023-09-26 12:01:00+00:00,15.03125,0.0,0
174,Point 174,2023-09-26 12:02:00+00:00,26.241666666666664,0.0,0
175,Point 175,2023-09-26 12:03:00+00:00,28.066666666666666,0.0,0
176,Point 176,2023-09-26 12:04:00+00:00,17.664583333333333,0.0,0
177,Point 177,2023-09-26 12:05:00+00:00,26.84375,0.0,0
178,Point 178,2023-09-26 12:06:00+00:00,25.410416666666666,0.0,0
179,Point 179,2023-09-26 12:07:00+00:00,20.410416666666666,0.0,0
180,Point 180,2023-09-26 12:08:00+00:00,23.504166666666666,0.0,0
181,Point 181,2023-09-26 12:09:00+00:00,25.114583333333332,0.0,0
182,Point 182,2023-09-26 12:10:00+00:00,18.83125,0.0,0
183,Point 183,2023-09-26 12:11:00+00:00,21.72083333333333,0.0,0
184,Point 184,2023-09-26 12:12:00+00:00,24.01875,0.0,0
185,Point 185,2023-09-26 12:13:00+00:00,25.722916666666666,0.0,0
186,Point 186,2023-09-26 12:14:00+00:00,19.308333333333334,0.0,0
187,Point 187,2023-09-26 12:15:00+00:00,27.070833333333336,0.0,0
188,Point 188,2023-09-26 12:16:00+00:00,25.729166666666668,0.0,0
189,Point 189,2023-09-26 12:17:00+00:00,19.254166666666666,0.0,0
190,Point 190,2023-09-26 12:18:00+00:00,28.079166666666666,0.0,0
191,Point 191,2023-09-26 12:19:00+00:00,15.797916666666666,0.0,0
192,Point 192,2023-09-26 12:20:00+00:00,24.920833333333334,0.0,0
193,Point 193,2023-09-26 12:21:00+00:00,25.12291666666667,0.0,0
194,Point 194,2023-09-26 12:22:00+00:00,25.456249999999997,0.0,0
195,Point 195,2023-09-26 12:23:00+00:00,21.447916666666668,0.0,0
196,Point 196,2023-09-26 12:24:00+00:00,23.397916666666664,0.0,0
197,Point 197,2023-09-26 12:25:00+00:00,22.34375,0.0,0
198,Point 198,2023-09-26 12:26:00+00:00,20.622916666666665,0.0,0
199,Point 199,2023-09-26 12:27:00+00:00,22.875,0.0,0
200,Point 200,2023-09-26 12:28:00+00:00,26.962499999999995,0.0,0
201,Point 201,2023-09-26 12:29:00+00:00,20.072916666666668,0.0,0
202,Point 202,2023-09-26 12:30:00+00:00,19.522916666666667,0.0,0
203,Point 203,2023-09-26 12:31:00+00:00,28.0125,0.0,0
204,Point 204,2023-09-26 12:32:00+00:00,14.447916666666666,0.0,0
205,Point 205,2023-09-26 12:33:00+00:00,23.670833333333334,0.0,0
206,Point 206,2023-09-26 12:34:00+00:00,27.202083333333334,0.0,0
207,Point 207,2023-09-26 12:35:00+00:00,14.045833333333333,0.0,0
208,Point 208,2023-09-26 12:36:00+00:00,25.558333333333337,0.0,0
209,Point 209,2023-09-26 12:37:00+00:00,24.241666666666664,0.0,0
210,Point 210,2023-09-26 12:38:00+00:00,21.208333333333332,0.0,0
211,Point 211,2023-09-26 12:39:00+00:00,20.077083333333334,0.0,0
212,Point 212,2023-09-26 12:40:00+00:00,20.654166666666665,0.0,0
213,Point 213,2023-09-26 12:41:00+00:00,79.84166666666667,1.0,79.84166666666667
214,Point 214,2023-09-26 12:42:00+00:00,29.01875,0.0,0
215,Point 215,2023-09-26 12:43:00+00:00,22.25,0.0,0
216,Point 216,2023-09-26 12:44:00+00:00,23.80416666666667,0.0,0
217,Point 217,2023-09-26 12:45:00+00:00,18.83125,0.0,0
218,Point 218,2023-09-26 12:46:00+00:00,20.681250000000002,0.0,0
219,Point 219,2023-09-26 12:47:00+00:00,29.458333333333332,1.0,29.458333333333332
220,Point 220,2023-09-26 12:48:00+00:00,19.670833333333334,0.0,0
221,Point 221,2023-09-26 12:49:00+00:00,23.204166666666666,0.0,0
222,Point 222,2023-09-26 12:50:00+00:00,23.7625,0.0,0
223,Point 223,2023-09-26 12:51:00+00:00,19.972916666666666,0.0,0
224,Point 224,2023-09-26 12:52:00+00:00,20.147916666666667,0.0,0
225,Point 225,2023-09-26 12:53:00+00:00,29.285416666666663,1.0,29.285416666666663
226,Point 226,2023-09-26 12:54:00+00:00,17.870833333333334,0.0,0
227,Point 227,2023-09-26 12:55:00+00:00,16.7125,0.0,0
228,Point 228,2023-09-26 12:56:00+00:00,29.170833333333334,1.0,29.170833333333334
229,Point 229,2023-09-26 12:57:00+00:00,25.670833333333334,0.0,0
230,Point 230,2023-09-26 12:58:00+00:00,22.933333333333337,0.0,0
231,Point 231,2023-09-26 12:59:00+00:00,25.193749999999998,0.0,0
232,Point 232,2023-09-26 13:00:00+00:00,19.304166666666667,0.0,0
233,Point 233,2023-09-26 13:01:00+00:00,15.356250000000001,0.0,0
234,Point 234,2023-09-26 13:02:00+00:00,23.670833333333334,0.0,0
235,Point 235,2023-09-26 13:03:00+00:00,22.935416666666665,0.0,0
236,Point 236,2023-09-26 13:04:00+00:00,24.422916666666666,0.0,0
237,Point 237,2023-09-26 13:05:00+00:00,20.354166666666668,0.0,0
238,Point 238,2023-09-26 13:06:00+00:00,26.18958333333333,0.0,0
239,Point 239,2023-09-26 13:07:00+00:00,21.84583333333333,0.0,0
240,Point 240,2023-09-26 13:08:00+00:00,20.175,0.0,0
241,Point 241,2023-09-26 13:09:00+00:00,23.14166666666667,0.0,0
242,Point 242,2023-09-26 13:10:00+00:00,21.985416666666666,0.0,0
243,Point 243,2023-09-26 13:11:00+00:00,17.333333333333332,0.0,0
244,Point 244,2023-09-26 13:12:00+00:00,23.879166666666666,0.0,0
245,Point 245,2023-09-26 13:13:00+00:00,18.758333333333333,0.0,0
246,Point 246,2023-09-26 13:14:00+00:00,26.9875,0.0,0
247,Point 247,2023-09-26 13:15:00+00:00,29.93958333333333,1.0,29.93958333333333
248,Point 248,2023-09-26 13:16:00+00:00,24.614583333333332,0.0,0
249,Point 249,2023-09-26 13:17:00+00:00,22.045833333333334,0.0,0
250,Point 250,2023-09-26 13:18:00+00:00,31.42291666666667,1.0,31.42291666666667
251,Point 251,2023-09-26 13:19:00+00:00,25.795833333333334,0.0,0
252,Point 252,2023-09-26 13:20:00+00:00,15.46875,0.0,0
253,Point 253,2023-09-26 13:21:00+00:00,34.85208333333333,1.0,34.85208333333333
254,Point 254,2023-09-26 13:22:00+00:00,25.733333333333334,0.0,0
255,Point 255,2023-09-26 13:23:00+00:00,16.227083333333333,0.0,0
256,Point 256,2023-09-26 13:24:00+00:00,23.056250000000002,0.0,0
257,Point 257,2023-09-26 13:25:00+00:00,24.775000000000002,0.0,0
258,Point 258,2023-09-26 13:26:00+00:00,15.502083333333333,0.0,0
259,Point 259,2023-09-26 13:27:00+00:00,29.82083333333333,1.0,29.82083333333333
260,Point 260,2023-09-26 13:28:00+00:00,23.816666666666666,0.0,0
261,Point 261,2023-09-26 13:29:00+00:00,17.283333333333335,0.0,0
262,Point 262,2023-09-26 13:30:00+00:00,25.56458333333333,0.0,0
263,Point 263,2023-09-26 13:31:00+00:00,22.745833333333334,0.0,0
264,Point 264,2023-09-26 13:32:00+00:00,20.633333333333333,0.0,0
265,Point 265,2023-09-26 13:33:00+00:00,24.00208333333333,0.0,0
266,Point 266,2023-09-26 13:34:00+00:00,20.54375,0.0,0
267,Point 267,2023-09-26 13:35:00+00:00,18.431250000000002,0.0,0
268,Point 268,2023-09-26 13:36:00+00:00,25.639583333333334,0.0,0
269,Point 269,2023-09-26 13:37:00+00:00,29.729166666666668,1.0,29.729166666666668
270,Point 270,2023-09-26 13:38:00+00:00,19.239583333333332,0.0,0
271,Point 271,2023-09-26 13:39:00+00:00,30.591666666666665,1.0,30.591666666666665
272,Point 272,2023-09-26 13:40:00+00:00,20.61875,0.0,0
273,Point 273,2023-09-26 13:41:00+00:00,19.058333333333334,0.0,0
274,Point 274,2023-09-26 13:42:00+00:00,20.650000000000002,0.0,0
275,Point 275,2023-09-26 13:43:00+00:00,22.931250000000002,0.0,0
276,Point 276,2023-09-26 13:44:00+00:00,18.929166666666667,0.0,0
277,Point 277,2023-09-26 13:45:00+00:00,22.960416666666664,0.0,0
278,Point 278,2023-09-26 13:46:00+00:00,25.893749999999997,0.0,0
279,Point 279,2023-09-26 13:47:00+00:00,23.224999999999998,0.0,0
280,Point 280,2023-09-26 13:48:00+00:00,29.96875,1.0,29.96875
281,Point 281,2023-09-26 13:49:00+00:00,25.8875,0.0,0
282,Point 282,2023-09-26 13:50:00+00:00,23.254166666666666,0.0,0
283,Point 283,2023-09-26 13:51:00+00:00,28.081249999999997,0.0,0
284,Point 284,2023-09-26 13:52:00+00:00,28.51458333333333,0.0,0
285,Point 285,2023-09-26 13:53:00+00:00,8.264583333333334,0.0,0
286,Point 286,2023-09-26 13:54:00+00:00,27.639583333333334,0.0,0
287,Point 287,2023-09-26 13:55:00+00:00,27.008333333333336,0.0,0
288,Point 288,2023-09-26 13:56:00+00:00,19.633333333333333,0.0,0
289,Point 289,2023-09-26 13:57:00+00:00,21.089583333333334,0.0,0
290,Point 290,2023-09-26 13:58:00+00:00,22.043750000000003,0.0,0
291,Point 291,2023-09-26 13:59:00+00:00,19.827083333333334,0.0,0
292,Point 292,2023-09-26 14:00:00+00:00,25.114583333333332,0.0,0
293,Point 293,2023-09-26 14:01:00+00:00,20.73125,0.0,0
294,Point 294,2023-09-26 14:02:00+00:00,22.15833333333333,0.0,0
295,Point 295,2023-09-26 14:03:00+00:00,18.975,0.0,0
296,Point 296,2023-09-26 14:04:00+00:00,24.877083333333335,0.0,0
297,Point 297,2023-09-26 14:05:00+00:00,16.633333333333336,0.0,0
298,Point 298,2023-09-26 14:06:00+00:00,21.502083333333335,0.0,0
299,Point 299,2023-09-26 14:07:00+00:00,28.8,0.0,0
300,Point 300,2023-09-26 14:08:00+00:00,5.183333333333334,0.0,0
301,Point 301,2023-09-26 14:09:00+00:00,24.570833333333336,0.0,0
302,Point 302,2023-09-26 14:10:00+00:00,30.931250000000002,1.0,30.931250000000002
303,Point 303,2023-09-26 14:11:00+00:00,9.660416666666666,0.0,0
304,Point 304,2023-09-26 14:12:00+00:00,26.104166666666668,0.0,0
305,Point 305,2023-09-26 14:13:00+00:00,25.777083333333334,0.0,0
306,Point 306,2023-09-26 14:14:00+00:00,16.614583333333332,0.0,0
307,Point 307,2023-09-26 14:15:00+00:00,23.368750000000002,0.0,0
308,Point 308,2023-09-26 14:16:00+00:00,27.285416666666666,1.0,27.285416666666666
309,Point 309,2023-09-26 14:17:00+00:00,13.177083333333334,0.0,0
310,Point 310,2023-09-26 14:18:00+00:00,30.48333333333333,1.0,30.48333333333333
311,Point 311,2023-09-26 14:19:00+00:00,25.00833333333333,0.0,0
312,Point 312,2023-09-26 14:20:00+00:00,19.245833333333334,0.0,0
313,Point 313,2023-09-26 14:21:00+00:00,20.718749999999996,0.0,0
314,Point 314,2023-09-26 14:22:00+00:00,28.789583333333336,0.0,0
315,Point 315,2023-09-26 14:23:00+00:00,11.085416666666667,0.0,0
316,Point 316,2023-09-26 14:24:00+00:00,28.118750000000002,0.0,0
317,Point 317,2023-09-26 14:25:00+00:00,25.443749999999998,0.0,0
318,Point 318,2023-09-26 14:26:00+00:00,18.51458333333333,0.0,0
319,Point 319,2023-09-26 14:27:00+00:00,23.8125,0.0,0
320,Point 320,2023-09-26 14:28:00+00:00,19.15416666666667,0.0,0
321,Point 321,2023-09-26 14:29:00+00:00,15.472916666666668,0.0,0
322,Point 322,2023-09-26 14:30:00+00:00,22.708333333333332,0.0,0
323,Point 323,2023-09-26 14:31:00+00:00,27.85625,0.0,0
324,Point 324,2023-09-26 14:32:00+00:00,9.808333333333334,0.0,0
325,Point 325,2023-09-26 14:33:00+00:00,25.662499999999998,0.0,0
326,Point 326,2023-09-26 14:34:00+00:00,29.497916666666665,1.0,29.497916666666665
327,Point 327,2023-09-26 14:35:00+00:00,19.41875,0.0,0
328,Point 328,2023-09-26 14:36:00+00:00,25.175,0.0,0
329,Point 329,2023-09-26 14:37:00+00:00,29.604166666666668,1.0,29.604166666666668
330,Point 330,2023-09-26 14:38:00+00:00,16.060416666666665,0.0,0
331,Point 331,2023-09-26 14:39:00+00:00,24.720833333333335,0.0,0
332,Point 332,2023-09-26 14:40:00+00:00,24.897916666666664,0.0,0
333,Point 333,2023-09-26 14:41:00+00:00,10.320833333333335,0.0,0
334,Point 334,2023-09-26 14:42:00+00:00,24.831249999999997,0.0,0
335,Point 335,2023-09-26 14:43:00+00:00,24.164583333333336,0.0,0
336,Point 336,2023-09-26 14:44:00+00:00,22.041666666666668,0.0,0
337,Point 337,2023-09-26 14:45:00+00:00,19.202083333333334,0.0,0
338,Point 338,2023-09-26 14:46:00+00:00,29.506249999999998,1.0,29.506249999999998
339,Point 339,2023-09-26 14:47:00+00:00,17.93958333333333,0.0,0
340,Point 340,2023-09-26 14:48:00+00:00,25.34583333333333,0.0,0
341,Point 341,2023-09-26 14:49:00+00:00,33.18958333333333,1.0,33.18958333333333
342,Point 342,2023-09-26 14:50:00+00:00,16.858333333333334,0.0,0
343,Point 343,2023-09-26 14:51:00+00:00,26.627083333333335,0.0,0
344,Point 344,2023-09-26 14:52:00+00:00,28.716666666666665,0.0,0
345,Point 345,2023-09-26 14:53:00+00:00,18.247916666666665,0.0,0
346,Point 346,2023-09-26 14:54:00+00:00,28.22083333333333,0.0,0
347,Point 347,2023-09-26 14:55:00+00:00,26.650000000000002,0.0,0
348,Point 348,2023-09-26 14:56:00+00:00,17.118750000000002,0.0,0
349,Point 349,2023-09-26 14:57:00+00:00,28.733333333333334,0.0,0
350,Point 350,2023-09-26 14:58:00+00:00,22.27291666666667,0.0,0
351,Point 351,2023-09-26 14:59:00+00:00,6.729166666666667,0.0,0
352,Point 352,2023-09-26 15:00:00+00:00,26.422916666666666,0.0,0
353,Point 353,2023-09-26 15:01:00+00:00,28.570833333333336,0.0,0
354,Point 354,2023-09-26 15:02:00+00:00,22.860416666666666,0.0,0
355,Point 355,2023-09-26 15:03:00+00:00,30.34375,1.0,30.34375
356,Point 356,2023-09-26 15:04:00+00:00,27.42083333333333,0.0,0
357,Point 357,2023-09-26 15:05:00+00:00,5.41875,0.0,0
358,Point 358,2023-09-26 15:06:00+00:00,23.724999999999998,0.0,0
359,Point 359,2023-09-26 15:07:00+00:00,28.125,0.0,0
360,Point 360,2023-09-26 15:08:00+00:00,11.197916666666666,0.0,0
361,Point 361,2023-09-26 15:09:00+00:00,24.01875,0.0,0
362,Point 362,2023-09-26 15:10:00+00:00,25.547916666666666,0.0,0
363,Point 363,2023-09-26 15:11:00+00:00,15.037500000000001,0.0,0
364,Point 364,2023-09-26 15:12:00+00:00,26.320833333333336,0.0,0
365,Point 365,2023-09-26 15:13:00+00:00,15.910416666666665,0.0,0
366,Point 366,2023-09-26 15:14:00+00:00,17.991666666666664,0.0,0
367,Point 367,2023-09-26 15:15:00+00:00,24.458333333333332,0.0,0
368,Point 368,2023-09-26 15:16:00+00:00,13.727083333333333,0.0,0
369,Point 369,2023-09-26 15:17:00+00:00,16.683333333333334,0.0,0
370,Point 370,2023-09-26 15:18:00+00:00,29.06458333333333,1.0,29.06458333333333
371,Point 371,2023-09-26 15:19:00+00:00,22.4875,0.0,0
372,Point 372,2023-09-26 15:20:00+00:00,18.7625,0.0,0
373,Point 373,2023-09-26 15:21:00+00:00,35.60833333333333,1.0,35.60833333333333
374,Point 374,2023-09-26 15:22:00+00:00,17.447916666666668,0.0,0
375,Point 375,2023-09-26 15:23:00+00:00,26.7625,0.0,0
376,Point 376,2023-09-26 15:24:00+00:00,29.589583333333334,1.0,29.589583333333334
377,Point 377,2023-09-26 15:25:00+00:00,7.902083333333334,0.0,0
378,Point 378,2023-09-26 15:26:00+00:00,30.712500000000002,1.0,30.712500000000002
379,Point 379,2023-09-26 15:27:00+00:00,29.175,0.0,0
380,Point 380,2023-09-26 15:28:00+00:00,13.716666666666667,0.0,0
381,Point 381,2023-09-26 15:29:00+00:00,27.427083333333332,0.0,0
382,Point 382,2023-09-26 15:30:00+00:00,19.416666666666668,0.0,0
383,Point 383,2023-09-26 15:31:00+00:00,21.175,0.0,0
384,Point 384,2023-09-26 15:32:00+00:00,28.735416666666666,0.0,0
385,Point 385,2023-09-26 15:33:00+00:00,27.412499999999998,0.0,0
386,Point 386,2023-09-26 15:34:00+00:00,22.241666666666664,0.0,0
387,Point 387,2023-09-26 15:35:00+00:00,23.137500000000003,0.0,0
388,Point 388,2023-09-26 15:36:00+00:00,19.854166666666668,0.0,0
389,Point 389,2023-09-26 15:37:00+00:00,22.70625,0.0,0
390,Point 390,2023-09-26 15:38:00+00:00,29.066666666666663,0.0,0
391,Point 391,2023-09-26 15:39:00+00:00,18.7625,0.0,0
392,Point 392,2023-09-26 15:40:00+00:00,25.23125,0.0,0
393,Point 393,2023-09-26 15:41:00+00:00,32.020833333333336,1.0,32.020833333333336
394,Point 394,2023-09-26 15:42:00+00:00,19.849999999999998,0.0,0
395,Point 395,2023-09-26 15:43:00+00:00,19.960416666666667,0.0,0
396,Point 396,2023-09-26 15:44:00+00:00,30.049999999999997,1.0,30.049999999999997
397,Point 397,2023-09-26 15:45:00+00:00,12.84375,0.0,0
398,Point 398,2023-09-26 15:46:00+00:00,22.59166666666667,0.0,0
399,Point 399,2023-09-26 15:47:00+00:00,30.756249999999998,1.0,30.756249999999998
400,Point 400,2023-09-26 15:48:00+00:00,22.270833333333332,0.0,0
401,Point 401,2023-09-26 15:49:00+00:00,20.402083333333334,0.0,0
402,Point 402,2023-09-26 15:50:00+00:00,22.460416666666664,0.0,0
403,Point 403,2023-09-26 15:51:00+00:00,22.4875,0.0,0
404,Point 404,2023-09-26 15:52:00+00:00,23.59375,0.0,0
405,Point 405,2023-09-26 15:53:00+00:00,18.866666666666667,0.0,0
406,Point 406,2023-09-26 15:54:00+00:00,21.560416666666665,0.0,0
407,Point 407,2023-09-26 15:55:00+00:00,27.422916666666666,0.0,0
408,Point 408,2023-09-26 15:56:00+00:00,25.779166666666665,0.0,0
409,Point 409,2023-09-26 15:57:00+00:00,7.2875000000000005,0.0,0
410,Point 410,2023-09-26 15:58:00+00:00,26.760416666666668,0.0,0
411,Point 411,2023-09-26 15:59:00+00:00,23.910416666666666,0.0,0
412,Point 412,2023-09-26 16:00:00+00:00,17.562499999999996,0.0,0
413,Point 413,2023-09-26 16:01:00+00:00,32.24166666666667,1.0,32.24166666666667
414,Point 414,2023-09-26 16:02:00+00:00,21.827083333333334,0.0,0
415,Point 415,2023-09-26 16:03:00+00:00,21.16875,0.0,0
416,Point 416,2023-09-26 16:04:00+00:00,25.88333333333333,0.0,0
417,Point 417,2023-09-26 16:05:00+00:00,14.047916666666666,0.0,0
418,Point 418,2023-09-26 16:06:00+00:00,26.268749999999997,0.0,0
419,Point 419,2023-09-26 16:07:00+00:00,31.479166666666668,1.0,31.479166666666668
420,Point 420,2023-09-26 16:08:00+00:00,11.74375,0.0,0
421,Point 421,2023-09-26 16:09:00+00:00,27.85625,0.0,0
422,Point 422,2023-09-26 16:10:00+00:00,24.458333333333332,0.0,0
423,Point 423,2023-09-26 16:11:00+00:00,16.564583333333335,0.0,0
424,Point 424,2023-09-26 16:12:00+00:00,28.825000000000003,0.0,0
425,Point 425,2023-09-26 16:13:00+00:00,21.06875,0.0,0
426,Point 426,2023-09-26 16:14:00+00:00,16.572916666666668,0.0,0
427,Point 427,2023-09-26 16:15:00+00:00,26.641666666666666,0.0,0
428,Point 428,2023-09-26 16:16:00+00:00,29.289583333333336,1.0,29.289583333333336
429,Point 429,2023-09-26 16:17:00+00:00,23.777083333333334,0.0,0
430,Point 430,2023-09-26 16:18:00+00:00,27.849999999999998,0.0,0
431,Point 431,2023-09-26 16:19:00+00:00,28.51875,0.0,0
432,Point 432,2023-09-26 16:20:00+00:00,12.84375,0.0,0
433,Point 433,2023-09-26 16:21:00+00:00,22.375,0.0,0
434,Point 434,2023-09-26 16:22:00+00:00,22.735416666666666,0.0,0
435,Point 435,2023-09-26 16:23:00+00:00,27.370833333333337,0.0,0
436,Point 436,2023-09-26 16:24:00+00:00,30.275000000000002,1.0,30.275000000000002
437,Point 437,2023-09-26 16:25:00+00:00,22.049999999999997,0.0,0
438,Point 438,2023-09-26 16:26:00+00:00,33.891666666666666,1.0,33.891666666666666
439,Point 439,2023-09-26 16:27:00+00:00,33.014583333333334,1.0,33.014583333333334
440,Point 440,2023-09-26 16:28:00+00:00,17.57083333333333,0.0,0
441,Point 441,2023-09-26 16:29:00+00:00,27.527083333333334,0.0,0
442,Point 442,2023-09-26 16:30:00+00:00,29.395833333333332,1.0,29.395833333333332
443,Point 443,2023-09-26 16:31:00+00:00,20.29583333333333,0.0,0
444,Point 444,2023-09-26 16:32:00+00:00,28.620833333333334,0.0,0
445,Point 445,2023-09-26 16:33:00+00:00,27.53125,0.0,0
446,Point 446,2023-09-26 16:34:00+00:00,16.568749999999998,0.0,0
447,Point 447,2023-09-26 16:35:00+00:00,32.13333333333333,1.0,32.13333333333333
448,Point 448,2023-09-26 16:36:00+00:00,25.120833333333334,0.0,0
449,Point 449,2023-09-26 16:37:00+00:00,24.358333333333334,0.0,0
450,Point 450,2023-09-26 16:38:00+00:00,22.92291666666667,0.0,0
451,Point 451,2023-09-26 16:39:00+00:00,20.85,0.0,0
452,Point 452,2023-09-26 16:40:00+00:00,24.129166666666666,0.0,0
453,Point 453,2023-09-26 16:41:00+00:00,28.741666666666664,0.0,0
454,Point 454,2023-09-26 16:42:00+00:00,10.5375,0.0,0
455,Point 455,2023-09-26 16:43:00+00:00,22.62708333333333,0.0,0
456,Point 456,2023-09-26 16:44:00+00:00,33.012499999999996,1.0,33.012499999999996
457,Point 457,2023-09-26 16:45:00+00:00,16.34375,0.0,0
458,Point 458,2023-09-26 16:46:00+00:00,25.224999999999998,0.0,0
459,Point 459,2023-09-26 16:47:00+00:00,27.585416666666664,0.0,0
460,Point 460,2023-09-26 16:48:00+00:00,11.860416666666666,0.0,0
461,Point 461,2023-09-26 16:49:00+00:00,35.86875,1.0,35.86875
462,Point 462,2023-09-26 16:50:00+00:00,24.458333333333332,0.0,0
463,Point 463,2023-09-26 16:51:00+00:00,15.356250000000001,0.0,0
464,Point 464,2023-09-26 16:52:00+00:00,29.2375,0.0,0
465,Point 465,2023-09-26 16:53:00+00:00,21.71875,0.0,0
466,Point 466,2023-09-26 16:54:00+00:00,24.679166666666664,0.0,0
467,Point 467,2023-09-26 16:55:00+00:00,30.329166666666666,1.0,30.329166666666666
468,Point 468,2023-09-26 16:56:00+00:00,19.745833333333334,0.0,0
469,Point 469,2023-09-26 16:57:00+00:00,28.1125,0.0,0
470,Point 470,2023-09-26 16:58:00+00:00,27.966666666666665,0.0,0
471,Point 471,2023-09-26 16:59:00+00:00,12.185416666666667,0.0,0
472,Point 472,2023-09-26 17:00:00+00:00,26.545833333333334,0.0,0
473,Point 473,2023-09-26 17:01:00+00:00,26.214583333333334,0.0,0
474,Point 474,2023-09-26 17:02:00+00:00,20.958333333333332,0.0,0
475,Point 475,2023-09-26 17:03:00+00:00,27.375,0.0,0
476,Point 476,2023-09-26 17:04:00+00:00,13.606250000000001,0.0,0
477,Point 477,2023-09-26 17:05:00+00:00,24.683333333333334,0.0,0
478,Point 478,2023-09-26 17:06:00+00:00,26.979166666666668,0.0,0
479,Point 479,2023-09-26 17:07:00+00:00,9.8,0.0,0
480,Point 480,2023-09-26 17:08:00+00:00,23.200000000000003,0.0,0
481,Point 481,2023-09-26 17:09:00+00:00,20.395833333333332,0.0,0
482,Point 482,2023-09-26 17:10:00+00:00,17.425,0.0,0
483,Point 483,2023-09-26 17:11:00+00:00,25.889583333333334,0.0,0
484,Point 484,2023-09-26 17:12:00+00:00,30.493750000000002,1.0,30.493750000000002
485,Point 485,2023-09-26 17:13:00+00:00,10.183333333333334,0.0,0
486,Point 486,2023-09-26 17:14:00+00:00,23.03125,0.0,0
487,Point 487,2023-09-26 17:15:00+00:00,22.264583333333334,0.0,0
488,Point 488,2023-09-26 17:16:00+00:00,17.329166666666666,0.0,0
489,Point 489,2023-09-26 17:17:00+00:00,27.85833333333333,0.0,0
490,Point 490,2023-09-26 17:18:00+00:00,14.733333333333334,0.0,0
491,Point 491,2023-09-26 17:19:00+00:00,24.12708333333333,0.0,0
492,Point 492,2023-09-26 17:20:00+00:00,30.710416666666664,1.0,30.710416666666664
493,Point 493,2023-09-26 17:21:00+00:00,9.420833333333333,0.0,0
494,Point 494,2023-09-26 17:22:00+00:00,28.95625,0.0,0
495,Point 495,2023-09-26 17:23:00+00:00,35.3125,1.0,35.3125
496,Point 496,2023-09-26 17:24:00+00:00,12.985416666666667,0.0,0
497,Point 497,2023-09-26 17:25:00+00:00,29.870833333333334,1.0,29.870833333333334
498,Point 498,2023-09-26 17:26:00+00:00,24.912499999999998,0.0,0
499,Point 499,2023-09-26 17:27:00+00:00,28.1875,0.0,0
500,Point 500,2023-09-26 17:28:00+00:00,24.897916666666664,0.0,0
501,Point 501,2023-09-26 17:29:00+00:00,21.412499999999998,0.0,0
502,Point 502,2023-09-26 17:30:00+00:00,17.04375,0.0,0
503,Point 503,2023-09-26 17:31:00+00:00,31.15625,1.0,31.15625
504,Point 504,2023-09-26 17:32:00+00:00,20.733333333333334,0.0,0
505,Point 505,2023-09-26 17:33:00+00:00,21.83125,0.0,0
506,Point 506,2023-09-26 17:34:00+00:00,24.210416666666664,0.0,0
507,Point 507,2023-09-26 17:35:00+00:00,17.4375,0.0,0
508,Point 508,2023-09-26 17:36:00+00:00,20.397916666666667,0.0,0
509,Point 509,2023-09-26 17:37:00+00:00,18.537499999999998,0.0,0
510,Point 510,2023-09-26 17:38:00+00:00,26.329166666666666,0.0,0
511,Point 511,2023-09-26 17:39:00+00:00,25.660416666666666,0.0,0
512,Point 512,2023-09-26 17:40:00+00:00,15.18125,0.0,0
513,Point 513,2023-09-26 17:41:00+00:00,24.512500000000003,0.0,0
514,Point 514,2023-09-26 17:42:00+00:00,24.260416666666668,0.0,0
515,Point 515,2023-09-26 17:43:00+00:00,20.897916666666667,0.0,0
516,Point 516,2023-09-26 17:44:00+00:00,23.912499999999998,0.0,0
517,Point 517,2023-09-26 17:45:00+00:00,33.35208333333333,1.0,33.35208333333333
518,Point 518,2023-09-26 17:46:00+00:00,12.072916666666666,0.0,0
519,Point 519,2023-09-26 17:47:00+00:00,32.99166666666667,1.0,32.99166666666667
520,Point 520,2023-09-26 17:48:00+00:00,24.2375,0.0,0
521,Point 521,2023-09-26 17:49:00+00:00,11.69375,0.0,0
522,Point 522,2023-09-26 17:50:00+00:00,31.041666666666668,1.0,31.041666666666668
523,Point 523,2023-09-26 17:51:00+00:00,26.152083333333334,0.0,0
524,Point 524,2023-09-26 17:52:00+00:00,16.4625,0.0,0
525,Point 525,2023-09-26 17:53:00+00:00,27.068749999999998,0.0,0
526,Point 526,2023-09-26 17:54:00+00:00,19.229166666666668,0.0,0
527,Point 527,2023-09-26 17:55:00+00:00,14.435416666666669,0.0,0
528,Point 528,2023-09-26 17:56:00+00:00,23.2625,0.0,0
529,Point 529,2023-09-26 17:57:00+00:00,21.375,0.0,0
530,Point 530,2023-09-26 17:58:00+00:00,29.229166666666668,1.0,29.229166666666668
531,Point 531,2023-09-26 17:59:00+00:00,19.525000000000002,0.0,0
532,Point 532,2023-09-26 18:00:00+00:00,24.714583333333337,0.0,0
533,Point 533,2023-09-26 18:01:00+00:00,23.83125,0.0,0
534,Point 534,2023-09-26 18:02:00+00:00,21.610416666666666,0.0,0
535,Point 535,2023-09-26 18:03:00+00:00,21.239583333333336,0.0,0
536,Point 536,2023-09-26 18:04:00+00:00,24.912499999999998,0.0,0
537,Point 537,2023-09-26 18:05:00+00:00,22.329166666666666,0.0,0
538,Point 538,2023-09-26 18:06:00+00:00,26.916666666666668,0.0,0
539,Point 539,2023-09-26 18:07:00+00:00,32.047916666666666,1.0,32.047916666666666
540,Point 540,2023-09-26 18:08:00+00:00,20.7375,0.0,0
541,Point 541,2023-09-26 18:09:00+00:00,26.431250000000002,0.0,0
542,Point 542,2023-09-26 18:10:00+00:00,23.79375,0.0,0
543,Point 543,2023-09-26 18:11:00+00:00,14.485416666666666,0.0,0
544,Point 544,2023-09-26 18:12:00+00:00,28.675,0.0,0
545,Point 545,2023-09-26 18:13:00+00:00,20.84375,0.0,0
546,Point 546,2023-09-26 18:14:00+00:00,27.443749999999998,0.0,0
547,Point 547,2023-09-26 18:15:00+00:00,24.40833333333333,0.0,0
548,Point 548,2023-09-26 18:16:00+00:00,18.979166666666668,0.0,0
549,Point 549,2023-09-26 18:17:00+00:00,32.639583333333334,1.0,32.639583333333334
550,Point 550,2023-09-26 18:18:00+00:00,21.039583333333336,0.0,0
551,Point 551,2023-09-26 18:19:00+00:00,25.416666666666668,0.0,0
552,Point 552,2023-09-26 18:20:00+00:00,35.86666666666667,1.0,35.86666666666667
553,Point 553,2023-09-26 18:21:00+00:00,14.933333333333335,0.0,0
554,Point 554,2023-09-26 18:22:00+00:00,33.99791666666667,1.0,33.99791666666667
555,Point 555,2023-09-26 18:23:00+00:00,24.204166666666666,0.0,0
556,Point 556,2023-09-26 18:24:00+00:00,24.297916666666666,0.0,0
557,Point 557,2023-09-26 18:25:00+00:00,30.818749999999998,1.0,30.818749999999998
558,Point 558,2023-09-26 18:26:00+00:00,21.941666666666666,0.0,0
559,Point 559,2023-09-26 18:27:00+00:00,19.68125,0.0,0
560,Point 560,2023-09-26 18:28:00+00:00,29.625,1.0,29.625
561,Point 561,2023-09-26 18:29:00+00:00,15.054166666666667,0.0,0
562,Point 562,2023-09-26 18:30:00+00:00,27.97083333333333,0.0,0
563,Point 563,2023-09-26 18:31:00+00:00,26.633333333333336,0.0,0
564,Point 564,2023-09-26 18:32:00+00:00,24.908333333333335,0.0,0
565,Point 565,2023-09-26 18:33:00+00:00,28.22083333333333,0.0,0
566,Point 566,2023-09-26 18:34:00+00:00,21.68541666666667,0.0,0
567,Point 567,2023-09-26 18:35:00+00:00,22.704166666666666,0.0,0
568,Point 568,2023-09-26 18:36:00+00:00,26.69583333333333,0.0,0
569,Point 569,2023-09-26 18:37:00+00:00,23.912499999999998,0.0,0
570,Point 570,2023-09-26 18:38:00+00:00,16.195833333333333,0.0,0
571,Point 571,2023-09-26 18:39:00+00:00,28.177083333333332,0.0,0
572,Point 572,2023-09-26 18:40:00+00:00,12.289583333333333,0.0,0
573,Point 573,2023-09-26 18:41:00+00:00,23.11666666666667,0.0,0
574,Point 574,2023-09-26 18:42:00+00:00,31.74791666666667,1.0,31.74791666666667
575,Point 575,2023-09-26 18:43:00+00:00,15.9125,0.0,0
576,Point 576,2023-09-26 18:44:00+00:00,32.68333333333333,1.0,32.68333333333333
577,Point 577,2023-09-26 18:45:00+00:00,23.108333333333334,0.0,0
578,Point 578,2023-09-26 18:46:00+00:00,19.752083333333335,0.0,0
579,Point 579,2023-09-26 18:47:00+00:00,24.785416666666666,0.0,0
580,Point 580,2023-09-26 18:48:00+00:00,24.57083333333333,0.0,0
581,Point 581,2023-09-26 18:49:00+00:00,21.964583333333334,0.0,0
582,Point 582,2023-09-26 18:50:00+00:00,28.537499999999998,0.0,0
583,Point 583,2023-09-26 18:51:00+00:00,23.881249999999998,0.0,0
584,Point 584,2023-09-26 18:52:00+00:00,26.152083333333334,0.0,0
585,Point 585,2023-09-26 18:53:00+00:00,28.224999999999998,0.0,0
586,Point 586,2023-09-26 18:54:00+00:00,24.131249999999998,0.0,0
587,Point 587,2023-09-26 18:55:00+00:00,26.764583333333334,0.0,0
588,Point 588,2023-09-26 18:56:00+00:00,19.872916666666665,0.0,0
589,Point 589,2023-09-26 18:57:00+00:00,26.224999999999998,0.0,0
590,Point 590,2023-09-26 18:58:00+00:00,20.270833333333332,0.0,0
591,Point 591,2023-09-26 18:59:00+00:00,27.864583333333332,0.0,0
592,Point 592,2023-09-26 19:00:00+00:00,23.529166666666665,0.0,0
593,Point 593,2023-09-26 19:01:00+00:00,24.35625,0.0,0
594,Point 594,2023-09-26 19:02:00+00:00,23.366666666666664,0.0,0
595,Point 595,2023-09-26 19:03:00+00:00,29.616666666666664,1.0,29.616666666666664
596,Point 596,2023-09-26 19:04:00+00:00,20.5125,0.0,0
597,Point 597,2023-09-26 19:05:00+00:00,31.51875,1.0,31.51875
598,Point 598,2023-09-26 19:06:00+00:00,25.5625,0.0,0
599,Point 599,2023-09-26 19:07:00+00:00,25.560416666666665,0.0,0
600,Point 600,2023-09-26 19:08:00+00:00,32.41458333333333,1.0,32.41458333333333
601,Point 601,2023-09-26 19:09:00+00:00,17.297916666666666,0.0,0
602,Point 602,2023-09-26 19:10:00+00:00,30.825000000000003,1.0,30.825000000000003
603,Point 603,2023-09-26 19:11:00+00:00,26.035416666666666,0.0,0
604,Point 604,2023-09-26 19:12:00+00:00,21.602083333333336,0.0,0
605,Point 605,2023-09-26 19:13:00+00:00,30.656249999999996,1.0,30.656249999999996
606,Point 606,2023-09-26 19:14:00+00:00,25.054166666666664,0.0,0
607,Point 607,2023-09-26 19:15:00+00:00,27.931250000000002,0.0,0
608,Point 608,2023-09-26 19:16:00+00:00,24.12708333333333,0.0,0
609,Point 609,2023-09-26 19:17:00+00:00,24.3125,0.0,0
610,Point 610,2023-09-26 19:18:00+00:00,22.464583333333334,0.0,0
611,Point 611,2023-09-26 19:19:00+00:00,25.27291666666667,0.0,0
612,Point 612,2023-09-26 19:20:00+00:00,26.087500000000002,0.0,0
613,Point 613,2023-09-26 19:21:00+00:00,29.037499999999998,0.0,0
614,Point 614,2023-09-26 19:22:00+00:00,21.889583333333334,0.0,0
615,Point 615,2023-09-26 19:23:00+00:00,26.537499999999998,0.0,0
616,Point 616,2023-09-26 19:24:00+00:00,26.847916666666666,0.0,0
617,Point 617,2023-09-26 19:25:00+00:00,15.383333333333333,0.0,0
618,Point 618,2023-09-26 19:26:00+00:00,26.983333333333334,0.0,0
619,Point 619,2023-09-26 19:27:00+00:00,17.931250000000002,0.0,0
620,Point 620,2023-09-26 19:28:00+00:00,20.118750000000002,0.0,0
621,Point 621,2023-09-26 19:29:00+00:00,31.510416666666668,1.0,31.510416666666668
622,Point 622,2023-09-26 19:30:00+00:00,23.837500000000002,0.0,0
623,Point 623,2023-09-26 19:31:00+00:00,28.1875,0.0,0
624,Point 624,2023-09-26 19:32:00+00:00,22.635416666666668,0.0,0
625,Point 625,2023-09-26 19:33:00+00:00,27.927083333333332,0.0,0
626,Point 626,2023-09-26 19:34:00+00:00,24.133333333333336,0.0,0
627,Point 627,2023-09-26 19:35:00+00:00,26.439583333333335,0.0,0
628,Point 628,2023-09-26 19:36:00+00:00,16.25625,0.0,0
629,Point 629,2023-09-26 19:37:00+00:00,28.20416666666667,0.0,0
630,Point 630,2023-09-26 19:38:00+00:00,26.720833333333335,0.0,0
631,Point 631,2023-09-26 19:39:00+00:00,29.9375,0.0,0
632,Point 632,2023-09-26 19:40:00+00:00,21.118750000000002,0.0,0
633,Point 633,2023-09-26 19:41:00+00:00,23.847916666666666,0.0,0
634,Point 634,2023-09-26 19:42:00+00:00,26.208333333333332,0.0,0
635,Point 635,2023-09-26 19:43:00+00:00,19.302083333333332,0.0,0
636,Point 636,2023-09-26 19:44:00+00:00,22.599999999999998,0.0,0
637,Point 637,2023-09-26 19:45:00+00:00,27.3125,0.0,0
638,Point 638,2023-09-26 19:46:00+00:00,25.74166666666667,0.0,0
639,Point 639,2023-09-26 19:47:00+00:00,18.14375,0.0,0
640,Point 640,2023-09-26 19:48:00+00:00,21.308333333333334,0.0,0
641,Point 641,2023-09-26 19:49:00+00:00,28.299999999999997,0.0,0
642,Point 642,2023-09-26 19:50:00+00:00,21.6125,0.0,0
643,Point 643,2023-09-26 19:51:00+00:00,28.795833333333334,0.0,0
644,Point 644,2023-09-26 19:52:00+00:00,21.28125,0.0,0
645,Point 645,2023-09-26 19:53:00+00:00,27.110416666666666,0.0,0
646,Point 646,2023-09-26 19:54:00+00:00,30.68541666666667,1.0,30.68541666666667
647,Point 647,2023-09-26 19:55:00+00:00,25.150000000000002,0.0,0
648,Point 648,2023-09-26 19:56:00+00:00,25.45416666666667,0.0,0
649,Point 649,2023-09-26 19:57:00+00:00,27.96875,0.0,0
650,Point 650,2023-09-26 19:58:00+00:00,31.73125,1.0,31.73125
651,Point 651,2023-09-26 19:59:00+00:00,24.097916666666666,0.0,0
652,Point 652,2023-09-26 20:00:00+00:00,24.56458333333333,0.0,0
653,Point 653,2023-09-26 20:01:00+00:00,29.179166666666664,0.0,0
654,Point 654,2023-09-26 20:02:00+00:00,20.583333333333332,0.0,0
655,Point 655,2023-09-26 20:03:00+00:00,30.900000000000002,1.0,30.900000000000002
656,Point 656,2023-09-26 20:04:00+00:00,23.914583333333336,0.0,0
657,Point 657,2023-09-26 20:05:00+00:00,22.485416666666666,0.0,0
658,Point 658,2023-09-26 20:06:00+00:00,28.181249999999995,0.0,0
659,Point 659,2023-09-26 20:07:00+00:00,19.85625,0.0,0
660,Point 660,2023-09-26 20:08:00+00:00,22.18958333333333,0.0,0
661,Point 661,2023-09-26 20:09:00+00:00,25.53958333333333,0.0,0
662,Point 662,2023-09-26 20:10:00+00:00,21.9375,0.0,0
663,Point 663,2023-09-26 20:11:00+00:00,29.666666666666668,0.0,0
664,Point 664,2023-09-26 20:12:00+00:00,17.714583333333334,0.0,0
665,Point 665,2023-09-26 20:13:00+00:00,25.68958333333333,0.0,0
666,Point 666,2023-09-26 20:14:00+00:00,18.09375,0.0,0
667,Point 667,2023-09-26 20:15:00+00:00,26.929166666666664,0.0,0
668,Point 668,2023-09-26 20:16:00+00:00,27.5125,0.0,0
669,Point 669,2023-09-26 20:17:00+00:00,22.933333333333337,0.0,0
670,Point 670,2023-09-26 20:18:00+00:00,28.272916666666664,0.0,0
671,Point 671,2023-09-26 20:19:00+00:00,22.74791666666667,0.0,0
672,Point 672,2023-09-26 20:20:00+00:00,26.527083333333334,0.0,0
673,Point 673,2023-09-26 20:21:00+00:00,16.675,0.0,0
674,Point 674,2023-09-26 20:22:00+00:00,29.947916666666668,1.0,29.947916666666668
675,Point 675,2023-09-26 20:23:00+00:00,30.712499999999995,1.0,30.712499999999995
676,Point 676,2023-09-26 20:24:00+00:00,22.75,0.0,0
677,Point 677,2023-09-26 20:25:00+00:00,23.57083333333333,0.0,0
678,Point 678,2023-09-26 20:26:00+00:00,24.985416666666666,0.0,0
679,Point 679,2023-09-26 20:27:00+00:00,24.520833333333332,0.0,0
680,Point 680,2023-09-26 20:28:00+00:00,24.902083333333334,0.0,0
681,Point 681,2023-09-26 20:29:00+00:00,24.681249999999995,0.0,0
682,Point 682,2023-09-26 20:30:00+00:00,27.625,0.0,0
683,Point 683,2023-09-26 20:31:00+00:00,17.71875,0.0,0
684,Point 684,2023-09-26 20:32:00+00:00,27.333333333333332,0.0,0
685,Point 685,2023-09-26 20:33:00+00:00,17.922916666666666,0.0,0
686,Point 686,2023-09-26 20:34:00+00:00,28.1875,0.0,0
687,Point 687,2023-09-26 20:35:00+00:00,24.33125,0.0,0
688,Point 688,2023-09-26 20:36:00+00:00,15.49375,0.0,0
689,Point 689,2023-09-26 20:37:00+00:00,17.25,0.0,0
690,Point 690,2023-09-26 20:38:00+00:00,21.712500000000002,0.0,0
691,Point 691,2023-09-26 20:39:00+00:00,30.72083333333333,1.0,30.72083333333333
692,Point 692,2023-09-26 20:40:00+00:00,19.570833333333333,0.0,0
693,Point 693,2023-09-26 20:41:00+00:00,19.522916666666667,0.0,0
694,Point 694,2023-09-26 20:42:00+00:00,25.09583333333333,0.0,0
695,Point 695,2023-09-26 20:43:00+00:00,19.089583333333334,0.0,0
696,Point 696,2023-09-26 20:44:00+00:00,29.241666666666664,0.0,0
697,Point 697,2023-09-26 20:45:00+00:00,23.799999999999997,0.0,0
698,Point 698,2023-09-26 20:46:00+00:00,29.943749999999998,1.0,29.943749999999998
699,Point 699,2023-09-26 20:47:00+00:00,33.33958333333333,1.0,33.33958333333333
700,Point 700,2023-09-26 20:48:00+00:00,16.233333333333334,0.0,0
701,Point 701,2023-09-26 20:49:00+00:00,28.293750000000003,1.0,28.293750000000003
702,Point 702,2023-09-26 20:50:00+00:00,19.860416666666666,0.0,0
703,Point 703,2023-09-26 20:51:00+00:00,25.445833333333336,0.0,0
704,Point 704,2023-09-26 20:52:00+00:00,20.183333333333334,0.0,0
705,Point 705,2023-09-26 20:53:00+00:00,22.235416666666666,0.0,0
706,Point 706,2023-09-26 20:54:00+00:00,28.18958333333333,0.0,0
707,Point 707,2023-09-26 20:55:00+00:00,22.116666666666664,0.0,0
708,Point 708,2023-09-26 20:56:00+00:00,27.847916666666666,0.0,0
709,Point 709,2023-09-26 20:57:00+00:00,21.69583333333333,0.0,0
710,Point 710,2023-09-26 20:58:00+00:00,25.714583333333334,0.0,0
711,Point 711,2023-09-26 20:59:00+00:00,27.09166666666667,0.0,0
712,Point 712,2023-09-26 21:00:00+00:00,26.325,0.0,0
713,Point 713,2023-09-26 21:01:00+00:00,15.56875,0.0,0
714,Point 714,2023-09-26 21:02:00+00:00,29.945833333333336,0.0,0
715,Point 715,2023-09-26 21:03:00+00:00,20.508333333333336,0.0,0
716,Point 716,2023-09-26 21:04:00+00:00,26.46666666666667,0.0,0
717,Point 717,2023-09-26 21:05:00+00:00,16.360416666666666,0.0,0
718,Point 718,2023-09-26 21:06:00+00:00,28.78333333333333,0.0,0
719,Point 719,2023-09-26 21:07:00+00:00,26.760416666666668,0.0,0
720,Point 720,2023-09-26 21:08:00+00:00,20.075,0.0,0
721,Point 721,2023-09-26 21:09:00+00:00,28.38333333333333,0.0,0
722,Point 722,2023-09-26 21:10:00+00:00,27.979166666666668,0.0,0
723,Point 723,2023-09-26 21:11:00+00:00,19.26875,0.0,0
724,Point 724,2023-09-26 21:12:00+00:00,20.620833333333334,0.0,0
725,Point 725,2023-09-26 21:13:00+00:00,26.504166666666666,0.0,0
726,Point 726,2023-09-26 21:14:00+00:00,24.535416666666666,0.0,0
727,Point 727,2023-09-26 21:15:00+00:00,25.995833333333334,0.0,0
728,Point 728,2023-09-26 21:16:00+00:00,25.431250000000002,0.0,0
729,Point 729,2023-09-26 21:17:00+00:00,25.995833333333334,0.0,0
730,Point 730,2023-09-26 21:18:00+00:00,26.979166666666668,0.0,0
731,Point 731,2023-09-26 21:19:00+00:00,21.93958333333333,0.0,0
732,Point 732,2023-09-26 21:20:00+00:00,26.25,0.0,0
733,Point 733,2023-09-26 21:21:00+00:00,31.329166666666666,1.0,31.329166666666666
734,Point 734,2023-09-26 21:22:00+00:00,30.379166666666666,0.0,0
735,Point 735,2023-09-26 21:23:00+00:00,15.983333333333334,0.0,0
736,Point 736,2023-09-26 21:24:00+00:00,31.806250000000002,1.0,31.806250000000002
737,Point 737,2023-09-26 21:25:00+00:00,29.15416666666667,0.0,0
738,Point 738,2023-09-26 21:26:00+00:00,15.90625,0.0,0
739,Point 739,2023-09-26 21:27:00+00:00,22.047916666666666,0.0,0
740,Point 740,2023-09-26 21:28:00+00:00,24.568749999999998,0.0,0
741,Point 741,2023-09-26 21:29:00+00:00,28.841666666666665,0.0,0
742,Point 742,2023-09-26 21:30:00+00:00,23.3125,0.0,0
743,Point 743,2023-09-26 21:31:00+00:00,29.06458333333333,0.0,0
744,Point 744,2023-09-26 21:32:00+00:00,27.479166666666668,0.0,0
745,Point 745,2023-09-26 21:33:00+00:00,20.947916666666668,0.0,0
746,Point 746,2023-09-26 21:34:00+00:00,31.2,1.0,31.2
747,Point 747,2023-09-26 21:35:00+00:00,23.810416666666665,0.0,0
748,Point 748,2023-09-26 21:36:00+00:00,27.89375,0.0,0
749,Point 749,2023-09-26 21:37:00+00:00,30.052083333333332,0.0,0
750,Point 750,2023-09-26 21:38:00+00:00,26.333333333333332,0.0,0
751,Point 751,2023-09-26 21:39:00+00:00,26.735416666666666,0.0,0
752,Point 752,2023-09-26 21:40:00+00:00,15.470833333333333,0.0,0
753,Point 753,2023-09-26 21:41:00+00:00,29.612499999999997,0.0,0
754,Point 754,2023-09-26 21:42:00+00:00,28.183333333333334,0.0,0
755,Point 755,2023-09-26 21:43:00+00:00,19.258333333333336,0.0,0
756,Point 756,2023-09-26 21:44:00+00:00,35.55625,1.0,35.55625
757,Point 757,2023-09-26 21:45:00+00:00,12.731250000000001,0.0,0
758,Point 758,2023-09-26 21:46:00+00:00,30.052083333333332,0.0,0
759,Point 759,2023-09-26 21:47:00+00:00,24.679166666666664,0.0,0
760,Point 760,2023-09-26 21:48:00+00:00,25.602083333333336,0.0,0
761,Point 761,2023-09-26 21:49:00+00:00,26.979166666666668,0.0,0
762,Point 762,2023-09-26 21:50:00+00:00,24.629166666666666,0.0,0
763,Point 763,2023-09-26 21:51:00+00:00,31.37291666666667,1.0,31.37291666666667
764,Point 764,2023-09-26 21:52:00+00:00,29.510416666666668,0.0,0
765,Point 765,2023-09-26 21:53:00+00:00,14.597916666666668,0.0,0
766,Point 766,2023-09-26 21:54:00+00:00,25.974999999999998,0.0,0
767,Point 767,2023-09-26 21:55:00+00:00,22.318749999999998,0.0,0
768,Point 768,2023-09-26 21:56:00+00:00,22.931250000000002,0.0,0
769,Point 769,2023-09-26 21:57:00+00:00,25.416666666666668,0.0,0
770,Point 770,2023-09-26 21:58:00+00:00,24.541666666666668,0.0,0
771,Point 771,2023-09-26 21:59:00+00:00,28.183333333333334,0.0,0
772,Point 772,2023-09-26 22:00:00+00:00,23.86666666666667,0.0,0
773,Point 773,2023-09-26 22:01:00+00:00,27.610416666666666,0.0,0
774,Point 774,2023-09-26 22:02:00+00:00,16.125,0.0,0
775,Point 775,2023-09-26 22:03:00+00:00,25.122916666666665,0.0,0
776,Point 776,2023-09-26 22:04:00+00:00,33.09791666666666,1.0,33.09791666666666
777,Point 777,2023-09-26 22:05:00+00:00,14.533333333333333,0.0,0
778,Point 778,2023-09-26 22:06:00+00:00,29.28958333333333,0.0,0
779,Point 779,2023-09-26 22:07:00+00:00,21.479166666666668,0.0,0
780,Point 780,2023-09-26 22:08:00+00:00,29.068749999999998,0.0,0
781,Point 781,2023-09-26 22:09:00+00:00,19.02291666666667,0.0,0
782,Point 782,2023-09-26 22:10:00+00:00,25.008333333333336,0.0,0
783,Point 783,2023-09-26 22:11:00+00:00,21.258333333333333,0.0,0
784,Point 784,2023-09-26 22:12:00+00:00,25.44583333333333,0.0,0
785,Point 785,2023-09-26 22:13:00+00:00,23.993750000000002,0.0,0
786,Point 786,2023-09-26 22:14:00+00:00,30.31458333333333,0.0,0
787,Point 787,2023-09-26 22:15:00+00:00,22.154166666666665,0.0,0
788,Point 788,2023-09-26 22:16:00+00:00,28.679166666666664,0.0,0
789,Point 789,2023-09-26 22:17:00+00:00,30.27916666666667,0.0,0
790,Point 790,2023-09-26 22:18:00+00:00,22.697916666666668,0.0,0
791,Point 791,2023-09-26 22:19:00+00:00,24.358333333333334,0.0,0
792,Point 792,2023-09-26 22:20:00+00:00,25.839583333333334,0.0,0
793,Point 793,2023-09-26 22:21:00+00:00,26.84166666666667,0.0,0
794,Point 794,2023-09-26 22:22:00+00:00,19.77916666666667,0.0,0
795,Point 795,2023-09-26 22:23:00+00:00,23.362499999999997,0.0,0
796,Point 796,2023-09-26 22:24:00+00:00,29.510416666666668,0.0,0
797,Point 797,2023-09-26 22:25:00+00:00,26.764583333333334,0.0,0
798,Point 798,2023-09-26 22:26:00+00:00,19.525,0.0,0
799,Point 799,2023-09-26 22:27:00+00:00,22.59583333333333,0.0,0
800,Point 800,2023-09-26 22:28:00+00:00,20.062500000000004,0.0,0
801,Point 801,2023-09-26 22:29:00+00:00,28.539583333333336,0.0,0
802,Point 802,2023-09-26 22:30:00+00:00,27.204166666666666,0.0,0
803,Point 803,2023-09-26 22:31:00+00:00,18.045833333333334,0.0,0
804,Point 804,2023-09-26 22:32:00+00:00,23.035416666666666,0.0,0
805,Point 805,2023-09-26 22:33:00+00:00,25.910416666666666,0.0,0
806,Point 806,2023-09-26 22:34:00+00:00,23.427083333333332,0.0,0
807,Point 807,2023-09-26 22:35:00+00:00,25.34166666666667,0.0,0
808,Point 808,2023-09-26 22:36:00+00:00,30.20625,0.0,0
809,Point 809,2023-09-26 22:37:00+00:00,27.599999999999998,0.0,0
810,Point 810,2023-09-26 22:38:00+00:00,28.379166666666666,0.0,0
811,Point 811,2023-09-26 22:39:00+00:00,30.331249999999997,0.0,0
812,Point 812,2023-09-26 22:40:00+00:00,13.935416666666667,0.0,0
813,Point 813,2023-09-26 22:41:00+00:00,26.985416666666666,0.0,0
814,Point 814,2023-09-26 22:42:00+00:00,29.383333333333336,0.0,0
815,Point 815,2023-09-26 22:43:00+00:00,22.433333333333334,0.0,0
816,Point 816,2023-09-26 22:44:00+00:00,27.4875,0.0,0
817,Point 817,2023-09-26 22:45:00+00:00,20.741666666666667,0.0,0
818,Point 818,2023-09-26 22:46:00+00:00,28.785416666666663,0.0,0
819,Point 819,2023-09-26 22:47:00+00:00,13.610416666666666,0.0,0
820,Point 820,2023-09-26 22:48:00+00:00,25.09583333333333,0.0,0
821,Point 821,2023-09-26 22:49:00+00:00,27.71875,0.0,0
822,Point 822,2023-09-26 22:50:00+00:00,20.766666666666666,0.0,0
823,Point 823,2023-09-26 22:51:00+00:00,31.587500000000002,0.0,0
824,Point 824,2023-09-26 22:52:00+00:00,22.14375,0.0,0
825,Point 825,2023-09-26 22:53:00+00:00,26.325,0.0,0
826,Point 826,2023-09-26 22:54:00+00:00,28.86666666666667,0.0,0
827,Point 827,2023-09-26 22:55:00+00:00,26.102083333333336,0.0,0
828,Point 828,2023-09-26 22:56:00+00:00,28.227083333333336,0.0,0
829,Point 829,2023-09-26 22:57:00+00:00,25.327083333333334,0.0,0
830,Point 830,2023-09-26 22:58:00+00:00,35.729166666666664,1.0,35.729166666666664
831,Point 831,2023-09-26 22:59:00+00:00,28.883333333333336,0.0,0
832,Point 832,2023-09-26 23:00:00+00:00,14.049999999999999,0.0,0
833,Point 833,2023-09-26 23:01:00+00:00,27.422916666666666,0.0,0
834,Point 834,2023-09-26 23:02:00+00:00,24.68958333333333,0.0,0
835,Point 835,2023-09-26 23:03:00+00:00,28.2625,0.0,0
836,Point 836,2023-09-26 23:04:00+00:00,25.902083333333334,0.0,0
837,Point 837,2023-09-26 23:05:00+00:00,14.13125,0.0,0
838,Point 838,2023-09-26 23:06:00+00:00,24.1375,0.0,0
839,Point 839,2023-09-26 23:07:00+00:00,25.989583333333332,0.0,0
840,Point 840,2023-09-26 23:08:00+00:00,24.858333333333334,0.0,0
841,Point 841,2023-09-26 23:09:00+00:00,25.11458333333333,0.0,0
842,Point 842,2023-09-26 23:10:00+00:00,25.445833333333336,0.0,0
843,Point 843,2023-09-26 23:11:00+00:00,29.608333333333334,0.0,0
844,Point 844,2023-09-26 23:12:00+00:00,13.59375,0.0,0
845,Point 845,2023-09-26 23:13:00+00:00,33.00833333333333,1.0,33.00833333333333
846,Point 846,2023-09-26 23:14:00+00:00,24.285416666666666,0.0,0
847,Point 847,2023-09-26 23:15:00+00:00,20.49166666666667,0.0,0
848,Point 848,2023-09-26 23:16:00+00:00,17.866666666666667,0.0,0
849,Point 849,2023-09-26 23:17:00+00:00,26.7625,0.0,0
850,Point 850,2023-09-26 23:18:00+00:00,31.068749999999998,0.0,0
851,Point 851,2023-09-26 23:19:00+00:00,18.875,0.0,0
852,Point 852,2023-09-26 23:20:00+00:00,30.29791666666667,0.0,0
853,Point 853,2023-09-26 23:21:00+00:00,26.6375,0.0,0
854,Point 854,2023-09-26 23:22:00+00:00,25.62291666666667,0.0,0
855,Point 855,2023-09-26 23:23:00+00:00,29.16875,0.0,0
856,Point 856,2023-09-26 23:24:00+00:00,22.122916666666665,0.0,0
857,Point 857,2023-09-26 23:25:00+00:00,32.608333333333334,1.0,32.608333333333334
858,Point 858,2023-09-26 23:26:00+00:00,28.520833333333332,0.0,0
859,Point 859,2023-09-26 23:27:00+00:00,24.572916666666668,0.0,0
860,Point 860,2023-09-26 23:28:00+00:00,22.160416666666666,0.0,0
861,Point 861,2023-09-26 23:29:00+00:00,23.26875,0.0,0
862,Point 862,2023-09-26 23:30:00+00:00,32.483333333333334,0.0,0
863,Point 863,2023-09-26 23:31:00+00:00,16.01458333333333,0.0,0
864,Point 864,2023-09-26 23:32:00+00:00,19.527083333333334,0.0,0
865,Point 865,2023-09-26 23:33:00+00:00,19.325,0.0,0
866,Point 866,2023-09-26 23:34:00+00:00,11.854166666666666,0.0,0
867,Point 867,2023-09-26 23:35:00+00:00,25.270833333333332,0.0,0
868,Point 868,2023-09-26 23:36:00+00:00,14.8375,0.0,0
869,Point 869,2023-09-26 23:37:00+00:00,31.933333333333337,0.0,0
870,Point 870,2023-09-26 23:38:00+00:00,27.087500000000002,0.0,0
871,Point 871,2023-09-26 23:39:00+00:00,25.56041666666667,0.0,0
872,Point 872,2023-09-26 23:40:00+00:00,24.400000000000002,0.0,0
873,Point 873,2023-09-26 23:41:00+00:00,17.339583333333334,0.0,0
874,Point 874,2023-09-26 23:42:00+00:00,32.13125,0.0,0
875,Point 875,2023-09-26 23:43:00+00:00,21.166666666666664,0.0,0
876,Point 876,2023-09-26 23:44:00+00:00,30.493750000000002,0.0,0
877,Point 877,2023-09-26 23:45:00+00:00,30.504166666666663,0.0,0
878,Point 878,2023-09-26 23:46:00+00:00,13.933333333333332,0.0,0
879,Point 879,2023-09-26 23:47:00+00:00,26.10208333333333,0.0,0
880,Point 880,2023-09-26 23:48:00+00:00,16.472916666666666,0.0,0
881,Point 881,2023-09-26 23:49:00+00:00,33.775,1.0,33.775
882,Point 882,2023-09-26 23:50:00+00:00,28.516666666666666,0.0,0
883,Point 883,2023-09-26 23:51:00+00:00,24.345833333333335,0.0,0
884,Point 884,2023-09-26 23:52:00+00:00,33.79375,1.0,33.79375
885,Point 885,2023-09-26 23:53:00+00:00,28.135416666666668,0.0,0
886,Point 886,2023-09-26 23:54:00+00:00,30.925,0.0,0
887,Point 887,2023-09-26 23:55:00+00:00,27.172916666666666,0.0,0
888,Point 888,2023-09-26 23:56:00+00:00,28.077083333333334,0.0,0
889,Point 889,2023-09-26 23:57:00+00:00,33.387499999999996,1.0,33.387499999999996
890,Point 890,2023-09-26 23:58:00+00:00,14.702083333333334,0.0,0
891,Point 891,2023-09-26 23:59:00+00:00,32.62083333333333,1.0,32.62083333333333
